model,graphs,nodes,unique_edges,sampled_non_edges,node_feature_mse,edge_feature_mse,aa_identity_accuracy_pct,aa_identity_misclassified_pct,chain_accuracy_pct,interface_node_accuracy_pct,interface_edge_accuracy_pct,rsasa_i_mae,rsasa_i_rmse,rsasa_i_bias,drsasa_mae,drsasa_rmse,drsasa_bias,ca_dist_mae_angstrom,ca_dist_rmse_angstrom,ca_dist_bias_angstrom,edge_recall_pct,edge_precision_pct,edge_specificity_pct,sampled_edge_accuracy_pct,edge_f1_pct,checkpoint,target_id,node_features,edge_features,mean_true_dockq,mean_predicted_dockq,dockq_mae,dockq_rmse
gate_all_features,1363,857327,5001928,5001928,0.02083428636101926,0.47383578789479713,75.56416629827358,24.435833701726416,100.0,98.57778887169073,99.9995601695986,,,,,,,0.7720044373057717,0.9732035294577835,-0.17164146913885553,85.7923584665753,97.52469779714058,97.82247965184625,91.80741905921077,91.28309174592364,checkpoints/gate_all_features/gate_model.pt,1atn,"aa_type,chain,interface_nodes","interface_edges,ca_dist",0.3615649292117049,0.15528118373144223,0.26508959271464705,0.35423325258926697
gate_no_aa_identity,1363,857327,5001928,5001928,0.0006210908656742667,1.96666491611772,,,100.0,99.99661739336332,99.94370170862116,,,,,,,1.4990029604350188,1.982254262972236,-0.5542979409854404,14.785578680860661,83.5461627444601,97.08808283525873,55.9368307580597,25.124712424224715,checkpoints/gate_no_aa_identity/gate_model.pt,1atn,"chain,interface_nodes","interface_edges,ca_dist",0.3615649292117049,0.17704016189975766,0.30365531773170457,0.3806279517478449
gate_with_rsasa_drsasa_20ep,1363,857327,5001928,5001928,0.02085970375573702,0.4772610094633447,74.0738364707982,25.92616352920181,100.0,98.85166336765319,99.99904037003331,0.04813107413514949,0.05878746134289843,0.042061557983374805,,,,0.7730771570634707,0.9765870116155829,-0.152662159545498,89.85937022684053,96.85557237801312,97.0827049089871,93.47103756791381,93.22639758155262,checkpoints/gate_with_rsasa_drsasa_20ep/gate_model.pt,1atn,"aa_type,chain,interface_nodes,rsasa_i","interface_edges,ca_dist",0.3615649292117049,0.3112120916923441,0.20972853067781302,0.2491193192009939
gate_all_features,1253,726740,4249602,4249602,0.02148746872351942,0.5068601003785913,70.34001155846657,29.659988441533425,100.0,97.69477392189779,99.99971762061483,,,,,,,0.801236204254944,1.0065614173220332,-0.3072639957906738,90.85999112387466,92.23075532140292,92.3462244228989,91.60310777338678,91.54024190245549,checkpoints/gate_all_features/gate_model.pt,1dfj,"aa_type,chain,interface_nodes","interface_edges,ca_dist",0.30726177181085274,0.09677102108146321,0.22429916628986502,0.3143286654749471
gate_no_aa_identity,1253,726740,4249602,4249602,0.0010205977929149995,1.3770111714515045,,,100.0,99.9788094779426,99.97785674987917,,,,,,,1.2579635619406242,1.6584546634460189,-0.5044100328740161,33.40293985177906,68.60004378442406,84.71063878452617,59.05678931815261,44.928943344109065,checkpoints/gate_no_aa_identity/gate_model.pt,1dfj,"chain,interface_nodes","interface_edges,ca_dist",0.30726177181085274,0.2590542458360517,0.20565058259517907,0.2422607224950516
gate_with_rsasa_drsasa_20ep,1253,726740,4249602,4249602,0.02136095382573636,0.5157195530297051,70.13140875691444,29.86859124308556,100.0,97.97093871260698,99.99915286184448,0.07393123176235199,0.08726173440244203,0.0715966133310631,,,,0.8047237232911018,1.0152079250579882,-0.28643567641206186,94.76948664839672,90.6269971430166,90.19856447733223,92.48402556286447,92.65196210940421,checkpoints/gate_with_rsasa_drsasa_20ep/gate_model.pt,1dfj,"aa_type,chain,interface_nodes,rsasa_i","interface_edges,ca_dist",0.30726177181085274,0.44931754411004204,0.17903416231051622,0.2459668668785385
gate_all_features,1208,300792,1578618,1578618,0.02209116167759623,0.4883394010402191,73.08206335274873,26.91793664725126,100.0,96.69638820181387,99.9978462173876,,,,,,,0.7976896767327448,0.9877639594910502,-0.1928493250631372,88.11789806020202,95.55416186392594,95.90014810422788,92.00902308221495,91.68549530975643,checkpoints/gate_all_features/gate_model.pt,1fc2,"aa_type,chain,interface_nodes","interface_edges,ca_dist",0.2351001654605116,0.12391489322315778,0.17930822586255235,0.21293212838689107
gate_no_aa_identity,1208,300792,1578618,1578618,0.0010569900109656137,1.6062786784481446,,,100.0,99.99268597569085,99.93221919425726,,,,,,,1.3949358798607043,1.7911248472020116,-0.643755480435211,31.641980517135877,70.12677420713473,86.5208682531176,59.08142438512674,43.60768743223211,checkpoints/gate_no_aa_identity/gate_model.pt,1fc2,"chain,interface_nodes","interface_edges,ca_dist",0.2351001654605116,0.2777286699128072,0.12889333423890098,0.155500368681562
gate_with_rsasa_drsasa_20ep,1208,300792,1578618,1578618,0.022131068180998893,0.4998710506870294,71.26386340062236,28.736136599377648,100.0,97.1967339556903,99.99828964321958,0.05717716449378491,0.07105193461670728,-0.0438167045983822,,,,0.8114918159196075,0.999101921750968,-0.15394650871723314,90.04287294329598,95.1801678437244,95.44031551648341,92.74159422988969,92.54027710006831,checkpoints/gate_with_rsasa_drsasa_20ep/gate_model.pt,1fc2,"aa_type,chain,interface_nodes,rsasa_i","interface_edges,ca_dist",0.2351001654605116,0.2331294160434939,0.16622815435884877,0.20312649468956712
gate_all_features,1291,265946,1476531,1476531,0.020943797260433945,0.4498347455114426,74.10226136132898,25.897738638671008,100.0,97.34532574281997,99.99688458962257,,,,,,,0.7582806207669996,0.9479147441572812,-0.1991908648358374,80.83907483148,97.53780403597155,97.9593384764695,89.39920665397476,88.40681471079253,checkpoints/gate_all_features/gate_model.pt,1j2j,"aa_type,chain,interface_nodes","interface_edges,ca_dist",0.34312316046567454,0.08884640480085088,0.2907787502363128,0.3899217491919845
gate_no_aa_identity,1291,265946,1476531,1476531,0.0009292813096015237,1.5432690878390856,,,100.0,99.99736788671385,99.99674913699747,,,,,,,1.3534163087278137,1.7554784382320958,-0.49379105309967514,5.181807899732549,93.25719439805955,99.62533803895754,52.403572969345035,9.81807729373132,checkpoints/gate_no_aa_identity/gate_model.pt,1j2j,"chain,interface_nodes","interface_edges,ca_dist",0.34312316046567454,0.17667757004707196,0.253910386548208,0.3285885579293818
gate_with_rsasa_drsasa_20ep,1291,265946,1476531,1476531,0.02041966848870469,0.4011876598398848,76.12184428417798,23.878155715822015,100.0,97.5720635016131,99.9989841053117,0.04267666449300135,0.05409084803560266,-0.020808260609346263,,,,0.7212826527402426,0.89479783370142,-0.07284136735145708,88.17376675464314,96.8294059766032,97.1128272958712,92.64329702525717,92.29910310753988,checkpoints/gate_with_rsasa_drsasa_20ep/gate_model.pt,1j2j,"aa_type,chain,interface_nodes,rsasa_i","interface_edges,ca_dist",0.34312316046567454,0.11503513682544185,0.27730061136197665,0.3726245541146931
gate_all_features,1496,462264,2540495,2540495,0.02111841623637944,0.5106520639713084,75.01600816849246,24.983991831507534,100.0,97.89644012944983,99.99996063759228,,,,,,,0.8100611105992631,1.0101001043457856,-0.14914797778316324,82.48054020968355,97.25358165923137,97.6707688855912,90.07565454763737,89.25993427592228,checkpoints/gate_all_features/gate_model.pt,1kac,"aa_type,chain,interface_nodes","interface_edges,ca_dist",0.32067713960332866,0.05533126489642788,0.3094481387646261,0.42257408111113837
gate_no_aa_identity,1496,462264,2540495,2540495,0.0007786153752795875,1.4782530305555919,,,100.0,99.99394285516502,99.98882107620759,,,,,,,1.349628869290083,1.7181736414043414,-0.5211111351915424,8.611668198520366,89.612107806996,99.00172997781928,53.80669908816983,15.713298152181524,checkpoints/gate_no_aa_identity/gate_model.pt,1kac,"chain,interface_nodes","interface_edges,ca_dist",0.32067713960332866,0.16914554398486958,0.28167841985776904,0.35335630552188874
gate_with_rsasa_drsasa_20ep,1496,462264,2540495,2540495,0.02062938383539352,0.5184593360314086,74.20088953498434,25.799110465015662,100.0,98.44115051139607,99.99984255036912,0.04643376314687289,0.05637113023309956,-0.028429599842679256,,,,0.8149221565334709,1.0178633119567309,-0.12042558685018219,88.07130106534356,96.70858840152368,97.00255265214062,92.53692685874209,92.1880755453337,checkpoints/gate_with_rsasa_drsasa_20ep/gate_model.pt,1kac,"aa_type,chain,interface_nodes,rsasa_i","interface_edges,ca_dist",0.32067713960332866,0.21025686668740076,0.2817603680516847,0.34168599806758204
gate_all_features,1501,891594,5346518,5346518,0.020643276731181926,0.5969939982150313,74.18230719363298,25.81769280636702,100.0,98.46522071705283,99.99968203604664,,,,,,,0.8419114627117915,1.09241925459518,-0.21594845138642907,85.50499596185779,94.47159501746516,94.9963134885172,90.2506547251875,89.76493338966132,checkpoints/gate_all_features/gate_model.pt,1mah,"aa_type,chain,interface_nodes","interface_edges,ca_dist",0.331912058360284,0.10081735573991944,0.25590428729466524,0.3607197184810963
gate_no_aa_identity,1501,891594,5346518,5346518,0.00047961272276041996,2.1171210196334207,,,100.0,99.998093302557,99.99597869117807,,,,,,,1.5576799871160012,2.0569548089260543,-0.5922665679938136,1.6677209353826172,96.05709668731484,99.9315442312174,50.79963258330002,3.278520953725477,checkpoints/gate_no_aa_identity/gate_model.pt,1mah,"chain,interface_nodes","interface_edges,ca_dist",0.331912058360284,0.1735959879900121,0.2703538745217308,0.3470295031135658
gate_with_rsasa_drsasa_20ep,1501,891594,5346518,5346518,0.021364858348618992,0.5799110976658663,70.83953010002311,29.160469899976892,100.0,98.92608070489483,99.99745628837312,0.057714627150664874,0.06865849201123723,0.05283962630560705,,,,0.83497520231494,1.0766081926741298,-0.18400890831382313,89.069633731711,94.55110342156087,94.86699567830877,91.96831470500987,91.72855181011336,checkpoints/gate_with_rsasa_drsasa_20ep/gate_model.pt,1mah,"aa_type,chain,interface_nodes,rsasa_i","interface_edges,ca_dist",0.331912058360284,0.3421023864743314,0.2051462881691471,0.24535580113682093
gate_all_features,892,203376,1116424,1116424,0.022775859335740712,0.4217723654734387,69.43444654236488,30.56555345763512,100.0,97.62361340571158,99.99802942251331,,,,,,,0.7185870205015005,0.9178609628862029,-0.13001345802250217,88.3529913366248,96.19602106495026,96.50616611609925,92.42957872636202,92.10784826390964,checkpoints/gate_all_features/gate_model.pt,1mbv,"aa_type,chain,interface_nodes","interface_edges,ca_dist",0.3047679377513031,0.13629559666386099,0.25776504899266556,0.3541880923985574
gate_no_aa_identity,892,203376,1116424,1116424,0.0010070464535590767,1.3675705511176197,,,100.0,99.99704979938636,99.99256554857294,,,,,,,1.2231738819467475,1.6522696349987327,-0.44210726967789216,6.190479602731578,91.65683063008103,99.43650441051071,52.813492006621146,11.59765637126865,checkpoints/gate_no_aa_identity/gate_model.pt,1mbv,"chain,interface_nodes","interface_edges,ca_dist",0.3047679377513031,0.190904477185198,0.2246117839963497,0.2913845087051876
gate_with_rsasa_drsasa_20ep,892,203376,1116424,1116424,0.023533321646382145,0.42525729134094875,65.1187947447093,34.881205255290695,100.0,97.15059790732437,100.0,0.06147488322155583,0.075779769246331,-0.04724639071993182,,,,0.720735093362004,0.9218235302078311,-0.15259719453449058,89.52638065824455,96.29862290697372,96.55892384972017,93.04265225398237,92.78909733165919,checkpoints/gate_with_rsasa_drsasa_20ep/gate_model.pt,1mbv,"aa_type,chain,interface_nodes,rsasa_i","interface_edges,ca_dist",0.3047679377513031,0.2943929027966453,0.22518017089031972,0.28301244725274627
gate_all_features,1388,229020,1224393,1224393,0.027580410111808947,0.472806299463644,63.56213431141386,36.43786568858614,100.0,90.42922015544494,99.99509961262439,,,,,,,0.764519173482241,0.9704736617879769,-0.10233699405462915,84.43653304127025,94.9482063956078,95.50748820027557,89.9720106207729,89.38438566958638,checkpoints/gate_all_features/gate_model.pt,1n1j,"aa_type,chain,interface_nodes","interface_edges,ca_dist",0.381852305307045,0.5924481168410792,0.25124658277776274,0.3079271382522335
gate_no_aa_identity,1388,229020,1224393,1224393,0.002925929223526337,1.3705555846369832,,,100.0,99.99912671382411,99.94666745072864,,,,,,,1.192587307114803,1.6511546028585602,-0.6113049401693449,11.988144329475912,89.78261135510074,98.63573215462682,55.311938242051376,21.15198803353895,checkpoints/gate_no_aa_identity/gate_model.pt,1n1j,"chain,interface_nodes","interface_edges,ca_dist",0.381852305307045,0.5707456236678344,0.29538964891540537,0.3305315813349284
gate_with_rsasa_drsasa_20ep,1388,229020,1224393,1224393,0.026720144568606233,0.4589291480121346,66.03091433062615,33.969085669373854,100.0,92.40764998690071,99.9930577845512,0.09672969446756072,0.11592701190440684,-0.08789648440360773,,,,0.7483785511274451,0.9558399399821523,-0.03332186883264142,87.96301514301372,94.62339989984272,95.0018498962343,91.48243251962401,91.17172880928366,checkpoints/gate_with_rsasa_drsasa_20ep/gate_model.pt,1n1j,"aa_type,chain,interface_nodes,rsasa_i","interface_edges,ca_dist",0.381852305307045,0.5101587045937777,0.1292157510117029,0.17380845443158477
gate_all_features,1385,306085,1652382,1652382,0.020466746181849703,0.48546259219559035,76.043582664946,23.95641733505399,100.0,97.50461473120212,100.0,,,,,,,0.8011279857677621,0.9847223289710049,-0.16447872746399392,85.42080463234288,97.03107104998672,97.38631865997088,91.40356164615689,90.85653005682565,checkpoints/gate_all_features/gate_model.pt,1spp,"aa_type,chain,interface_nodes","interface_edges,ca_dist",0.3521523459602672,0.10227099229927958,0.3198825599497944,0.43326625918953166
gate_no_aa_identity,1385,306085,1652382,1652382,0.0011752453654362372,1.422236859457263,,,100.0,99.99934658673244,99.81759665743152,,,,,,,1.3262794835462106,1.684663522937685,-0.6218634092480713,8.255899664847474,89.4891171724328,99.0303089721384,53.64310431849294,15.117152697437533,checkpoints/gate_no_aa_identity/gate_model.pt,1spp,"chain,interface_nodes","interface_edges,ca_dist",0.3521523459602672,0.2565312882192729,0.2484909983224064,0.30653915956210526
gate_with_rsasa_drsasa_20ep,1385,306085,1652382,1652382,0.021334622607149262,0.4675030503268468,72.02182400313639,27.97817599686362,100.0,97.12106114314652,99.99134582681243,0.062021220344757697,0.0734602834185568,-0.05209081709975931,,,,0.7828615887646521,0.9662411630255934,-0.11296428304897624,89.74710448310378,97.10848249190308,97.3276760458538,93.53739026447879,93.28278876202076,checkpoints/gate_with_rsasa_drsasa_20ep/gate_model.pt,1spp,"aa_type,chain,interface_nodes,rsasa_i","interface_edges,ca_dist",0.3521523459602672,0.2663246768261121,0.1936655338073573,0.24952278522540886
gate_all_features,1433,444230,2565058,2565058,0.021647763775248796,0.5482907222916749,75.08002611259933,24.91997388740067,100.0,97.72752853251694,99.99929826148181,,,,,,,0.8144587626649183,1.046663381159545,-0.17234008534552844,85.79770905765093,95.12423467678668,95.60228267742875,90.69999586753984,90.22058068434474,checkpoints/gate_all_features/gate_model.pt,1udi,"aa_type,chain,interface_nodes","interface_edges,ca_dist",0.3436071179522525,0.28160875776765737,0.1558438682660918,0.19284997727237616
gate_no_aa_identity,1433,444230,2565058,2565058,0.000911572390281601,1.7699242415590908,,,100.0,99.99774891385094,99.99695913308783,,,,,,,1.4311788653885031,1.8801237348318245,-0.6020250708967202,3.7282197907415737,93.41792925592709,99.7373158813563,51.73276783604893,7.17028057375141,checkpoints/gate_no_aa_identity/gate_model.pt,1udi,"chain,interface_nodes","interface_edges,ca_dist",0.3436071179522525,0.19720794290657737,0.2540225348580272,0.32159711436509886
gate_with_rsasa_drsasa_20ep,1433,444230,2565058,2565058,0.021565551259306166,0.5292496805909518,74.2547779303514,25.74522206964861,100.0,97.80496589604483,99.99980507263385,0.03461147399953695,0.044670968324979236,0.010816874522410978,,,,0.8021420521725137,1.0283064353864646,-0.0907044234359743,88.57749025558097,94.88848619958512,95.22845097459785,91.9029706150894,91.62444311590951,checkpoints/gate_with_rsasa_drsasa_20ep/gate_model.pt,1udi,"aa_type,chain,interface_nodes,rsasa_i","interface_edges,ca_dist",0.3436071179522525,0.2945065618871561,0.17145092843785434,0.210107944152403
gate_all_features,1208,520648,2907942,2907942,0.024019851764179607,0.5728151880284611,68.42454018838063,31.575459811619368,100.0,94.07238671808976,99.99962172560527,,,,,,,0.8366887477762409,1.0695983784085414,-0.2251096861246448,86.44481217300758,96.75535196798538,97.10111137017175,91.77296177158966,91.30994250822512,checkpoints/gate_all_features/gate_model.pt,1ugq,"aa_type,chain,interface_nodes","interface_edges,ca_dist",0.3325273184389468,0.40783215557157204,0.11338489761094976,0.15397643721541582
gate_no_aa_identity,1208,520648,2907942,2907942,0.002022262053291925,1.825419073692731,,,100.0,99.98040902874878,99.96327299512852,,,,,,,1.4163702447355542,1.9079275663406061,-0.7406220992442448,13.353533186012651,85.9594014255988,97.81883545132605,55.58618431866935,23.116056817282114,checkpoints/gate_no_aa_identity/gate_model.pt,1ugq,"chain,interface_nodes","interface_edges,ca_dist",0.3325273184389468,0.484395002835239,0.22211132465016764,0.25071469807339586
gate_with_rsasa_drsasa_20ep,1208,520648,2907942,2907942,0.024565362450581888,0.5692324967144935,65.41060370922389,34.58939629077611,99.9988475899264,95.02869501083265,99.99662991902865,0.06171371783447629,0.0770192848395545,-0.025686689673517074,,,,0.8382562314926969,1.0658059382361766,-0.18736130795915307,87.87761241455297,96.20663288643993,96.53504093272836,92.20632667364067,91.85369647120099,checkpoints/gate_with_rsasa_drsasa_20ep/gate_model.pt,1ugq,"aa_type,chain,interface_nodes,rsasa_i","interface_edges,ca_dist",0.3325273184389468,0.5387668975918795,0.2067143933058081,0.26047546570247354
gate_all_features,994,396606,2140830,2140830,0.023100487867983917,0.4677134206084607,69.40943909068446,30.590560909315546,100.0,97.98918826240653,99.99990657828974,,,,,,,0.7658794651380831,0.9668882685796145,-0.15948932600111124,84.54267737279466,98.30436024754309,98.54173381352092,91.5422055931578,90.9056435467523,checkpoints/gate_all_features/gate_model.pt,1us7,"aa_type,chain,interface_nodes","interface_edges,ca_dist",0.18379275643049367,0.09377909277826248,0.1383671419975166,0.17753013787146008
gate_no_aa_identity,994,396606,2140830,2140830,0.0006758900049578837,1.5403137825414093,,,100.0,99.99495721194333,99.9809886819598,,,,,,,1.2948035692676731,1.7541467658077663,-0.44474904209903404,18.890290214542958,78.58247673085518,94.85148283609628,56.87088652531962,30.458677592582827,checkpoints/gate_no_aa_identity/gate_model.pt,1us7,"chain,interface_nodes","interface_edges,ca_dist",0.18379275643049367,0.1577425890375431,0.1235542998061716,0.14542071346791766
gate_with_rsasa_drsasa_20ep,994,396606,2140830,2140830,0.022287095488932512,0.4517032896078675,67.75616102630822,32.24383897369177,100.0,97.9730513406252,99.99841183092539,0.07112618923117522,0.0840161767300863,-0.05820129451428629,,,,0.763820310317271,0.949974877145738,-0.14185769402161086,87.9114175343208,98.12297579398927,98.31831579340722,93.11486666386402,92.73693686857364,checkpoints/gate_with_rsasa_drsasa_20ep/gate_model.pt,1us7,"aa_type,chain,interface_nodes,rsasa_i","interface_edges,ca_dist",0.18379275643049367,0.09957123429362683,0.13264161415943423,0.16941637550688293
gate_all_features,1411,200362,992105,992105,0.026144797819511137,0.47484881364692605,64.78523871792056,35.21476128207943,100.0,93.69840588534753,99.99939522530377,,,,,,,0.7924460863081902,0.9733152587057653,-0.1715094617277761,86.79434132475897,95.26481039770238,95.68583970446677,91.24009051461287,90.83252768859865,checkpoints/gate_all_features/gate_model.pt,1wqj,"aa_type,chain,interface_nodes","interface_edges,ca_dist",0.346312544356126,0.31645885470021623,0.24935390919243652,0.31109745118279125
gate_no_aa_identity,1411,200362,992105,992105,0.0020421901801356648,1.3069998271731296,,,100.0,99.99750451682455,99.94214322072764,,,,,,,1.2388576801272806,1.6134116807652479,-0.6021675527705296,8.280272753388,93.52756335815288,99.42697597532519,53.8536243643566,15.213637066538018,checkpoints/gate_no_aa_identity/gate_model.pt,1wqj,"chain,interface_nodes","interface_edges,ca_dist",0.346312544356126,0.3868371752730335,0.27268213137369113,0.3117150461293966
gate_with_rsasa_drsasa_20ep,1411,200362,992105,992105,0.027806749509896513,0.5106607040083904,62.06166838023178,37.93833161976822,100.0,94.45054451442888,99.99959681686919,0.17631291817186565,0.1893373004396035,-0.1750092817077993,,,,0.8187481279816455,1.0095827332099472,-0.263364520011344,88.10186421800111,94.91214201481564,95.27721360138291,91.68953890969202,91.38029182085108,checkpoints/gate_with_rsasa_drsasa_20ep/gate_model.pt,1wqj,"aa_type,chain,interface_nodes,rsasa_i","interface_edges,ca_dist",0.346312544356126,0.13475925744129022,0.2794602435553469,0.38302973118107325
gate_all_features,1386,241164,1264777,1264777,0.021886677635816254,0.33430448543579255,69.6766515732033,30.323348426796702,100.0,97.45857590685178,100.0,,,,,,,0.6623325528429215,0.816742155277067,-0.11249332066000955,85.41395044343786,97.09155651741732,97.44136713428533,91.42765878886159,90.87915794928483,checkpoints/gate_all_features/gate_model.pt,1wrd,"aa_type,chain,interface_nodes","interface_edges,ca_dist",0.31792857146030357,0.2164025233485998,0.18945309164776625,0.25290305780218486
gate_no_aa_identity,1386,241164,1264777,1264777,0.0010206021471659468,1.1550736943886342,,,100.0,99.99958534441294,99.98086619222202,,,,,,,1.144808672231983,1.5180629415333946,-0.4218332002676457,6.661648654268697,91.31056755497275,99.36605425304224,53.01385145365547,12.417375925721233,checkpoints/gate_no_aa_identity/gate_model.pt,1wrd,"chain,interface_nodes","interface_edges,ca_dist",0.31792857146030357,0.20145488922816163,0.26260215607720383,0.3211046440473198
gate_with_rsasa_drsasa_20ep,1386,241164,1264777,1264777,0.022386402518082552,0.3411167750984879,69.47471430230051,30.525285697699488,100.0,97.05884792091689,99.99976280403581,0.07844249498403026,0.09440215917385975,-0.07009556706294029,,,,0.6789639713811549,0.825295300863992,-0.12296099333034029,87.54982103564501,96.9429921171605,97.23919710747428,92.39450907155965,92.00728706421467,checkpoints/gate_with_rsasa_drsasa_20ep/gate_model.pt,1wrd,"aa_type,chain,interface_nodes,rsasa_i","interface_edges,ca_dist",0.31792857146030357,0.16656315601383798,0.23974527978549293,0.32187086785602465
gate_all_features,1361,517180,3036884,3036884,0.021619381141911368,0.544458488684197,72.81642754940253,27.18357245059747,100.0,97.73773154414323,99.99394115810811,,,,,,,0.8216727421373381,1.0429116254761162,-0.2516383886620222,83.04189425740331,96.9912134756961,97.42393848431485,90.23291637085907,89.47614352451889,checkpoints/gate_all_features/gate_model.pt,1zli,"aa_type,chain,interface_nodes","interface_edges,ca_dist",0.3419375458532434,0.17128871146980934,0.21894464296994295,0.3033086011572621
gate_no_aa_identity,1361,517180,3036884,3036884,0.0008191857430635166,1.7645339581848893,,,100.0,99.99729301210411,99.92581211531292,,,,,,,1.421005569485321,1.8771242576356417,-0.6087623453928036,3.2839252338910536,93.02818018152476,99.75389247663065,51.51890885526085,6.343908422381442,checkpoints/gate_no_aa_identity/gate_model.pt,1zli,"chain,interface_nodes","interface_edges,ca_dist",0.3419375458532434,0.20792497637559174,0.23294682582411957,0.29652893624238064
gate_with_rsasa_drsasa_20ep,1361,517180,3036884,3036884,0.0220766357203598,0.5409723715089345,70.49634556634054,29.503654433659467,100.0,97.96859894040759,99.99657543719154,0.06383570475397413,0.0759120678008128,0.059718874307661436,,,,0.8192876549379927,1.0394344017283441,-0.21599111647309457,89.24143958083351,95.74246575729613,96.03155734627994,92.63649846355673,92.37771748392859,checkpoints/gate_with_rsasa_drsasa_20ep/gate_model.pt,1zli,"aa_type,chain,interface_nodes,rsasa_i","interface_edges,ca_dist",0.3419375458532434,0.43365924890802504,0.17437120333853165,0.2156895683165246
gate_all_features,1310,493870,2778451,2778451,0.021690306420037518,0.5340836061671312,73.18585862676413,26.814141373235866,100.0,98.10982647255351,99.9999280174457,,,,,,,0.8224595275223863,1.0331486176646458,-0.2351762397714899,83.47863611775051,97.87725617753351,98.18953078531887,90.83408345153468,90.10636212850127,checkpoints/gate_all_features/gate_model.pt,2a9k,"aa_type,chain,interface_nodes","interface_edges,ca_dist",0.34627862615681443,0.2923557062754194,0.18105270498226048,0.23056974731896904
gate_no_aa_identity,1310,493870,2778451,2778451,0.0006886486415511881,1.7981981095557775,,,100.0,99.99149573774476,99.98578344552415,,,,,,,1.424659905997448,1.8952633207674032,-0.5704747432031514,24.067690954420286,75.91400388476485,92.3638027087755,58.21574683159789,36.54818589642689,checkpoints/gate_no_aa_identity/gate_model.pt,2a9k,"chain,interface_nodes","interface_edges,ca_dist",0.34627862615681443,0.22722053104684553,0.24272192919285585,0.3013643446968905
gate_with_rsasa_drsasa_20ep,1310,493870,2778451,2778451,0.021916294302336953,0.5051736291148532,72.67681778605706,27.323182213942943,100.0,98.27768441087736,99.99884827913107,0.04482991530253313,0.05645804850624967,0.037837907544601576,,,,0.8073617329520033,1.0046586222747367,-0.17891058274434968,88.7866296724326,96.8262989593567,97.08981731187629,92.93822349215444,92.63234852902687,checkpoints/gate_with_rsasa_drsasa_20ep/gate_model.pt,2a9k,"aa_type,chain,interface_nodes,rsasa_i","interface_edges,ca_dist",0.34627862615681443,0.23317430607462658,0.2672161961237381,0.32729977149410044
gate_all_features,1405,640680,3606610,3606610,0.02243789731050557,0.4947848825757927,70.64572017231691,29.354279827683083,100.0,97.80420802896921,99.99814229983281,,,,,,,0.7913896279929963,0.9943154655741686,-0.21473391675731873,82.47661931841813,97.93241678521609,98.25872495224047,90.3676721353293,89.5424623131083,checkpoints/gate_all_features/gate_model.pt,2nz8,"aa_type,chain,interface_nodes","interface_edges,ca_dist",0.3278676155570139,0.14482339665134605,0.26459874022367585,0.34775853446513677
gate_no_aa_identity,1405,640680,3606610,3606610,0.0009978861556902854,1.6770821704881584,,,100.0,99.99063495036523,99.9904065036142,,,,,,,1.382729453020591,1.8302046903407316,-0.6346774204237259,20.323239829091584,76.77796108623353,93.85309196170365,57.088165895397616,32.13918884700254,checkpoints/gate_no_aa_identity/gate_model.pt,2nz8,"chain,interface_nodes","interface_edges,ca_dist",0.3278676155570139,0.2522971030762187,0.2323433413147078,0.2791866618692119
gate_with_rsasa_drsasa_20ep,1405,640680,3606610,3606610,0.021999171106423354,0.49658850347001754,69.92804520197289,30.0719547980271,100.0,97.60207904101892,99.999500916373,0.05092149617379172,0.0615249796493445,-0.03484520977377527,,,,0.7969291686948257,0.9961828010459791,-0.15199216192660106,87.3250503935829,97.55927870897915,97.81531687651285,92.57018363504787,92.15890790719422,checkpoints/gate_with_rsasa_drsasa_20ep/gate_model.pt,2nz8,"aa_type,chain,interface_nodes,rsasa_i","interface_edges,ca_dist",0.3278676155570139,0.16337546401282646,0.25952642821968663,0.34099069166965135
gate_all_features,698,80968,418358,418358,0.022468758542114244,0.3270408852090718,69.67073411718209,30.3292658828179,100.0,96.54925402628199,99.99928291080845,,,,,,,0.6503755666667784,0.8073712205166709,-0.16598772360584987,86.7276351832641,96.42427189884317,96.7838549758819,91.75574507957299,91.31926835253478,checkpoints/gate_all_features/gate_model.pt,2oob,"aa_type,chain,interface_nodes","interface_edges,ca_dist",0.2930988541785574,0.5043833872522188,0.23630502433075776,0.27676315943799124
gate_no_aa_identity,698,80968,418358,418358,0.0011361323120071564,1.0455925011828704,,,100.0,100.0,99.95386726201005,,,,,,,1.103594609999325,1.4432493074384003,-0.5186774472988931,7.752212220155943,88.48147541878103,98.99081647775351,53.37151434895472,14.25544820795935,checkpoints/gate_no_aa_identity/gate_model.pt,2oob,"chain,interface_nodes","interface_edges,ca_dist",0.2930988541785574,0.2812430505083079,0.17536694007287906,0.20935874645786592
gate_with_rsasa_drsasa_20ep,698,80968,418358,418358,0.02278857010873624,0.3174194912868084,68.59747060567138,31.402529394328628,100.0,95.57355992490861,99.99976097026948,0.0790460437444957,0.09359461450326437,-0.06877454529636852,,,,0.6479246896077567,0.7958459449736065,-0.09461663971890823,89.29983411336701,95.96532237349088,96.24556002275563,92.77269706806133,92.51267244303901,checkpoints/gate_with_rsasa_drsasa_20ep/gate_model.pt,2oob,"aa_type,chain,interface_nodes,rsasa_i","interface_edges,ca_dist",0.2930988541785574,0.318022898902695,0.17865169049910454,0.22648387365149478
gate_all_features,1031,692832,3992333,3992333,0.021913878354415547,0.5688967601660737,72.61457322987391,27.385426770126088,100.0,96.91223846473605,99.99879769548282,,,,,,,0.835236903347186,1.0661930564177897,-0.20553343246399958,81.50204404291927,98.09024705601108,98.41320851742577,89.95762628017252,89.030053426246,checkpoints/gate_all_features/gate_model.pt,2oza,"aa_type,chain,interface_nodes","interface_edges,ca_dist",0.33098739120887033,0.17465833706779463,0.18647947442283352,0.2435469972565215
gate_no_aa_identity,1031,692832,3992333,3992333,0.001357402034308795,2.069188052356581,,,100.0,99.97979308115099,99.79400515938926,,,,,,,1.5271604347633325,2.0325693418238573,-0.7210576584949475,12.607866127399694,83.5415726159811,97.51613905954237,55.062002593471036,21.90924829890889,checkpoints/gate_no_aa_identity/gate_model.pt,2oza,"chain,interface_nodes","interface_edges,ca_dist",0.33098739120887033,0.3910236692220464,0.17984093055282616,0.20357934413969775
gate_with_rsasa_drsasa_20ep,1031,692832,3992333,3992333,0.021811434218307224,0.5455030267950175,71.87528867026927,28.124711329730733,99.99985566486536,96.96290009699321,99.9961426063407,0.04643038791363842,0.05843914240900242,0.008522158224302709,,,,0.8241291730299051,1.043703176361959,-0.12429695057148739,86.12487986347833,97.2771996413772,97.5893543950367,91.8571171292575,91.36196443560394,checkpoints/gate_with_rsasa_drsasa_20ep/gate_model.pt,2oza,"aa_type,chain,interface_nodes,rsasa_i","interface_edges,ca_dist",0.33098739120887033,0.21767223489793264,0.15366630351792382,0.19800619268052502
gate_all_features,1358,319130,1736749,1736749,0.02124821079382693,0.45522675457352135,73.38420079591388,26.61579920408611,100.0,97.39886566602952,99.99948179040264,,,,,,,0.7623115671105473,0.9534366023382788,-0.20499540059707946,82.24573614264352,97.62512387656767,97.99925032344916,90.12249323304634,89.27794283507073,checkpoints/gate_all_features/gate_model.pt,2pe6,"aa_type,chain,interface_nodes","interface_edges,ca_dist",0.3349970543279761,0.3022245618902882,0.15369082213035168,0.19708647230814105
gate_no_aa_identity,1358,319130,1736749,1736749,0.0010997175212323943,1.5989223416591007,,,100.0,99.9940463134146,99.9580250226141,,,,,,,1.3594066210613507,1.7867988223675768,-0.4788874409835403,4.3267046648652165,93.89244302279089,99.71855460979106,52.02262963732813,8.272213326757601,checkpoints/gate_no_aa_identity/gate_model.pt,2pe6,"chain,interface_nodes","interface_edges,ca_dist",0.3349970543279761,0.18710140905868322,0.25153831675489585,0.32499550358171153
gate_with_rsasa_drsasa_20ep,1358,319130,1736749,1736749,0.020935610462701516,0.4237718414162676,72.17403565944913,27.82596434055087,100.0,98.22956162065616,99.99798474045473,0.06007075444677729,0.07250120788530569,-0.046060075638635116,,,,0.7402277965186544,0.9198772718642791,-0.1146250182421509,85.8333587639895,97.3102293534563,97.62746372676766,91.73041124537858,91.21218944498425,checkpoints/gate_with_rsasa_drsasa_20ep/gate_model.pt,2pe6,"aa_type,chain,interface_nodes,rsasa_i","interface_edges,ca_dist",0.3349970543279761,0.14194204575424693,0.2577968290355468,0.3475026366665233
gate_all_features,1542,589044,3387661,3387661,0.02027936555887541,0.42411799340510703,76.29922382708253,23.70077617291747,100.0,97.96517747400874,100.0,,,,,,,0.7450999825837382,0.9206941630215161,-0.07652593004519943,82.92275998100163,97.1659350477348,97.58136956442807,90.25206477271486,89.48110273115392,checkpoints/gate_all_features/gate_model.pt,2sic,"aa_type,chain,interface_nodes","interface_edges,ca_dist",0.2875486383723136,0.10610707931404138,0.20339828037781263,0.296785348611807
gate_no_aa_identity,1542,589044,3387661,3387661,0.0005802632010331769,1.4576428736638827,,,100.0,99.99592560148308,99.93054204656251,,,,,,,1.3216194996894612,1.7059007036255174,-0.4268854463057196,8.02344154270454,89.53596004914797,99.06230286914777,53.54287220592615,14.727161702563427,checkpoints/gate_no_aa_identity/gate_model.pt,2sic,"chain,interface_nodes","interface_edges,ca_dist",0.2875486383723136,0.18232694370660027,0.2262483065381366,0.2962573771212786
gate_with_rsasa_drsasa_20ep,1542,589044,3387661,3387661,0.02117375421682529,0.4457769783460395,72.3952709814547,27.604729018545303,100.0,98.36107319656936,99.98048801223027,0.042573046256358014,0.05332040361944961,0.03541281973638751,,,,0.7612985291827966,0.9434014074944728,-0.13779609187456301,89.02579095133781,95.98882212150532,96.2797930489503,92.65279200014406,92.37627958057341,checkpoints/gate_with_rsasa_drsasa_20ep/gate_model.pt,2sic,"aa_type,chain,interface_nodes,rsasa_i","interface_edges,ca_dist",0.2875486383723136,0.2925796537199837,0.16755739740131062,0.2108887576409766
gate_all_features,1420,481380,2777640,2777640,0.020774749351219843,0.43914673145571226,76.7094603016328,23.290539698367198,100.0,97.81212347833312,99.99996399821431,,,,,,,0.7584905326782724,0.9366528335278531,-0.0803269743996624,82.66730029809479,96.82475360541699,97.28902953586498,89.97816491697989,89.18769169459527,checkpoints/gate_all_features/gate_model.pt,2sni,"aa_type,chain,interface_nodes","interface_edges,ca_dist",0.3380500000586707,0.09862960223370874,0.2771435590919999,0.38960632720897653
gate_no_aa_identity,1420,481380,2777640,2777640,0.0006410392479295224,1.3904462668672586,,,100.0,99.99979226390792,99.72318226984058,,,,,,,1.29102954317081,1.6656965961682035,-0.42540105701400993,2.4165478607738944,94.86679386615788,99.86924151437911,51.1428946875765,4.713040150681349,checkpoints/gate_no_aa_identity/gate_model.pt,2sni,"chain,interface_nodes","interface_edges,ca_dist",0.3380500000586707,0.20905517518100605,0.2355835253464609,0.30291477063628197
gate_with_rsasa_drsasa_20ep,1420,481380,2777640,2777640,0.021932800115018865,0.4520924465050732,70.57916822468736,29.42083177531264,100.0,98.26041796501724,99.90632335363834,0.0588183880862669,0.06962967893815063,0.05614294809567834,,,,0.7679687620416129,0.9494399536476712,-0.1189745378405681,88.9719330078772,95.05351115897574,95.36999035152144,92.17096167969932,91.9122316513143,checkpoints/gate_with_rsasa_drsasa_20ep/gate_model.pt,2sni,"aa_type,chain,interface_nodes,rsasa_i","interface_edges,ca_dist",0.3380500000586707,0.37306850493269067,0.1900854311476816,0.2333694418719164
gate_all_features,666,418914,2423147,2423147,0.0214758797422523,0.5970188577505048,71.78919778283849,28.21080221716151,100.0,98.77588240068367,99.99983492540898,,,,,,,0.8308752143221126,1.092462421017832,-0.3199219432302936,87.69125438943655,94.60828990398423,95.00249056289198,91.34687247616426,91.01854477448913,checkpoints/gate_all_features/gate_model.pt,2vdb,"aa_type,chain,interface_nodes","interface_edges,ca_dist",0.32972972954248636,0.04211744941301174,0.3059331688899882,0.42272056545577036
gate_no_aa_identity,666,418914,2423147,2423147,0.0003755864124829736,2.4327001403030852,,,100.0,99.99928386255891,99.99496522497398,,,,,,,1.615473207425032,2.205219410295827,-0.5888017007251443,2.0106497872394864,97.43420526357892,99.94705232493118,50.978851056085325,3.9399939591234023,checkpoints/gate_no_aa_identity/gate_model.pt,2vdb,"chain,interface_nodes","interface_edges,ca_dist",0.32972972954248636,0.15988713916805056,0.2797234907918316,0.35258793413317724
gate_with_rsasa_drsasa_20ep,666,418914,2423147,2423147,0.02163924946443509,0.6194008357130082,68.88717015903025,31.112829840969745,100.0,99.1236864845768,99.99958731352245,0.03316963431577436,0.04149457414898039,-0.016580840127695774,,,,0.8485166012574183,1.1127857298698391,-0.33348616645386336,90.34569508164383,94.40542764292712,94.64601198358994,92.49585353261688,92.33095695548651,checkpoints/gate_with_rsasa_drsasa_20ep/gate_model.pt,2vdb,"aa_type,chain,interface_nodes,rsasa_i","interface_edges,ca_dist",0.32972972954248636,0.1891785545929058,0.25480589205636883,0.316709020860095
gate_all_features,1464,183000,904304,904304,0.023933270061661578,0.40047770120714576,70.32732240437159,29.672677595628414,100.0,93.73825136612022,99.9996682531538,,,,,,,0.7191251430350502,0.8937814942376536,-0.02929348533134003,82.86505422955113,95.93952887524374,96.49288292432632,89.67896857693873,88.92427839330331,checkpoints/gate_all_features/gate_model.pt,3dgp,"aa_type,chain,interface_nodes","interface_edges,ca_dist",0.365493852680147,0.19912155641273396,0.23427121819167454,0.3084105731756942
gate_no_aa_identity,1464,183000,904304,904304,0.0016450119836337335,1.18943049234895,,,100.0,99.99562841530054,99.9185008581185,,,,,,,1.1725624816243347,1.5381415246564,-0.5493411776362235,10.610148799518745,88.11946658829581,98.56950759921442,54.589828199366586,18.939821632313052,checkpoints/gate_no_aa_identity/gate_model.pt,3dgp,"chain,interface_nodes","interface_edges,ca_dist",0.365493852680147,0.44606964610761307,0.24344999100465856,0.2652624638446502
gate_with_rsasa_drsasa_20ep,1464,183000,904304,904304,0.02392017445073725,0.4128828859141084,69.13005464480875,30.869945355191252,99.99781420765026,93.74808743169399,99.73416019391709,0.09003318307178268,0.10577680616938209,-0.08353507613093475,,,,0.7313154688281204,0.9053148922972359,-0.04036956922784053,83.13155752932641,95.94883491192758,96.49000778499266,89.81078265715954,89.08151228191376,checkpoints/gate_with_rsasa_drsasa_20ep/gate_model.pt,3dgp,"aa_type,chain,interface_nodes,rsasa_i","interface_edges,ca_dist",0.365493852680147,0.32098074519467323,0.11622242205152848,0.13804206474369346
gate_all_features,1395,270630,1397595,1397595,0.020418272830116,0.4541447065092176,73.99142741011714,26.00857258988286,100.0,97.28152828585152,99.9990698306734,,,,,,,0.7659572686136721,0.9522145074805176,-0.21742186160702381,86.7855136860106,96.90047271446113,97.22401697201263,92.00476532901163,91.56449510097376,checkpoints/gate_all_features/gate_model.pt,3gfk,"aa_type,chain,interface_nodes","interface_edges,ca_dist",0.36694910412847886,0.21033625552517538,0.24428593675709434,0.3202056912867287
gate_no_aa_identity,1395,270630,1397595,1397595,0.0010005998181368645,1.453227510256738,,,100.0,99.99852196726158,99.98497418780119,,,,,,,1.302532770388736,1.7029850145740921,-0.5152623443643366,6.428257113112168,90.01653223786383,99.28706098690967,52.85765905001091,11.999599305462802,checkpoints/gate_no_aa_identity/gate_model.pt,3gfk,"chain,interface_nodes","interface_edges,ca_dist",0.36694910412847886,0.2165080396932513,0.27998675535429657,0.35214294966930487
gate_with_rsasa_drsasa_20ep,1395,270630,1397595,1397595,0.02094006237533923,0.4607682326079857,73.80667331781399,26.19332668218601,99.9996304918154,97.52577319587628,99.99592156526033,0.09039704840441296,0.1060864924554435,-0.08462443769504502,,,,0.7678368480398331,0.9589848461005854,-0.1998371107795211,86.8486936487323,97.11050964510216,97.41584650775081,92.13227007824155,91.69338365494443,checkpoints/gate_with_rsasa_drsasa_20ep/gate_model.pt,3gfk,"aa_type,chain,interface_nodes,rsasa_i","interface_edges,ca_dist",0.36694910412847886,0.2549857564564247,0.23749786750697213,0.3039110048630062
gate_all_features,1280,677120,4009480,4009480,0.020501519403909978,0.6063688107342337,75.91032608695653,24.089673913043473,100.0,98.06179111531192,99.99990023643964,,,,,,,0.8574949439530462,1.10098763508479,-0.2341135882957391,83.54821572872294,95.43196448289497,96.00080309666092,89.77450941269191,89.0955674154046,checkpoints/gate_all_features/gate_model.pt,3qhy,"aa_type,chain,interface_nodes","interface_edges,ca_dist",0.3154210932567366,0.1930214187479578,0.19756839950423455,0.2686051378872174
gate_no_aa_identity,1280,677120,4009480,4009480,0.0007173495894559397,1.7246613587321487,,,100.0,99.99335420604915,99.99625886648643,,,,,,,1.4357849018188222,1.8563232361905186,-0.5774613400859104,17.79432744395782,81.27958440848272,95.90158823588096,56.847957839919395,29.196697948648172,checkpoints/gate_no_aa_identity/gate_model.pt,3qhy,"chain,interface_nodes","interface_edges,ca_dist",0.3154210932567366,0.17815849698381497,0.24065819036768515,0.31527169826433044
gate_with_rsasa_drsasa_20ep,1280,677120,4009480,4009480,0.021729946261885878,0.6076238063044004,71.343779536862,28.656220463137995,100.0,98.88557419659736,99.99997505910991,0.10488225801342602,0.11394125613088416,0.10440127553809117,,,,0.8611779331641237,1.1021336823700123,-0.20862625310679705,91.22115586061035,94.10358692844359,94.28419645440307,92.75267615750671,92.63995558340599,checkpoints/gate_with_rsasa_drsasa_20ep/gate_model.pt,3qhy,"aa_type,chain,interface_nodes,rsasa_i","interface_edges,ca_dist",0.3154210932567366,0.13838769425055944,0.26168054161098553,0.3401537571577904
gate_all_features,1307,335899,1857345,1857345,0.021267780821748423,0.47356711344146696,73.98206008353702,26.017939916462986,100.0,96.98153313942584,99.99736182561666,,,,,,,0.7684658174969261,0.9722427351977174,-0.18101522842075776,81.6791710748407,97.5606995520886,97.95778382583742,89.81847745033906,88.91634479565343,checkpoints/gate_all_features/gate_model.pt,4bi8,"aa_type,chain,interface_nodes","interface_edges,ca_dist",0.35231752100086383,0.14405711567529578,0.26966490604086013,0.3698196816607875
gate_no_aa_identity,1307,335899,1857345,1857345,0.0011826911618353752,1.5212191685714773,,,100.0,99.9952366634018,99.97808700053032,,,,,,,1.3222120813144276,1.742630597055957,-0.6133239630585552,13.994599818558212,81.58648051426276,96.84151301992898,55.4180564192436,23.89113287746842,checkpoints/gate_no_aa_identity/gate_model.pt,4bi8,"chain,interface_nodes","interface_edges,ca_dist",0.35231752100086383,0.29840813240844416,0.2322402147457927,0.2751408682985341
gate_with_rsasa_drsasa_20ep,1307,335899,1857345,1857345,0.021016776535575037,0.4801779579633811,70.58282400364395,29.41717599635605,100.0,97.90681127362689,99.99822327031328,0.05610380962898855,0.06768515838425102,-0.03306212323046662,,,,0.7790612803385848,0.9794253320350457,-0.17671850137147896,85.05985694634008,97.50734766781753,97.82555206490986,91.44270450562496,90.85926534692015,checkpoints/gate_with_rsasa_drsasa_20ep/gate_model.pt,4bi8,"aa_type,chain,interface_nodes,rsasa_i","interface_edges,ca_dist",0.35231752100086383,0.19469956637523333,0.2416964680392526,0.31924181151615044
gate_all_features,1382,270872,1431825,1431825,0.02295766209219039,0.5070896038849158,68.70108390678993,31.29891609321007,100.0,98.21059393366609,99.9997904771882,,,,,,,0.8175722286754612,1.0065215027832566,-0.24920732006853416,89.01569675065039,95.44402417572707,95.7508773767744,92.38328706371239,92.11784849310534,checkpoints/gate_all_features/gate_model.pt,4h5s,"aa_type,chain,interface_nodes","interface_edges,ca_dist",0.3575781480680111,0.13366257731415945,0.2642832390139184,0.36892592990514506
gate_no_aa_identity,1382,270872,1431825,1431825,0.000952073128826802,1.3272300093616867,,,100.0,99.99963082193804,99.99685715782306,,,,,,,1.286446439657021,1.6276627450522332,-0.573990825141346,11.060360030031603,89.28561360778941,98.67274282820875,54.86655142912018,19.68252429477117,checkpoints/gate_no_aa_identity/gate_model.pt,4h5s,"chain,interface_nodes","interface_edges,ca_dist",0.3575781480680111,0.24738982982944305,0.2526885741100513,0.31889101245454177
gate_with_rsasa_drsasa_20ep,1382,270872,1431825,1431825,0.022831135130142958,0.5400751995795152,66.39039841696447,33.609601583035534,100.0,98.26744735520836,99.99993015906273,0.06906228649725032,0.08464871578412221,-0.051737531572039024,,,,0.8382877380798435,1.0387302912271876,-0.21972664696644115,91.63556998934925,95.62067467744099,95.80318823878616,93.71937911406772,93.58571771451763,checkpoints/gate_with_rsasa_drsasa_20ep/gate_model.pt,4h5s,"aa_type,chain,interface_nodes,rsasa_i","interface_edges,ca_dist",0.3575781480680111,0.3872929065233547,0.17120509364206868,0.20315070109557093
gate_all_features,1336,513024,2971973,2971973,0.020235609839787134,0.5522281274819107,78.04020864520959,21.959791354790415,100.0,97.67749656936128,99.99986540927526,,,,,,,0.8308954123073029,1.050362575255438,-0.22976990593960278,82.954589425947,96.92255435850905,97.36605951669144,90.16032447131921,89.39624605734855,checkpoints/gate_all_features/gate_model.pt,7joe,"aa_type,chain,interface_nodes","interface_edges,ca_dist",0.3548517964918356,0.21537079846118382,0.19596632427890076,0.2613709463723603
gate_no_aa_identity,1336,513024,2971973,2971973,0.0008388484855244743,1.7119047477769294,,,100.0,99.99746600548902,99.96167529112815,,,,,,,1.4355856484486746,1.8489680227170564,-0.6549180579778016,12.805701801463204,84.8080364206018,97.7060693350848,55.25588556827401,22.25150771911259,checkpoints/gate_no_aa_identity/gate_model.pt,7joe,"chain,interface_nodes","interface_edges,ca_dist",0.3548517964918356,0.22634375921846506,0.2338205198569134,0.29434931876354603
gate_with_rsasa_drsasa_20ep,1336,513024,2971973,2971973,0.021179950618499747,0.5597573105150419,72.81998502994011,27.180014970059887,100.0,98.39851546906188,99.99825032057828,0.03801580736350395,0.048605915593929454,0.021038940371380852,,,,0.8341454529230771,1.0575020335672232,-0.2477520031125899,89.93722352120966,96.06432105611775,96.31534337626888,93.12628344873927,92.8998555885159,checkpoints/gate_with_rsasa_drsasa_20ep/gate_model.pt,7joe,"aa_type,chain,interface_nodes,rsasa_i","interface_edges,ca_dist",0.3548517964918356,0.4640612588291932,0.14444565713408397,0.1929300451092162
