target,hdf5_path,total_models,written_models,skipped_valid_models,failed_models,errors
1acb,/nfs/roberts/project/pi_co54/jas485/ppi_processed_graphs/1acb.hdf5,1350,1350,0,0,
1atn,/nfs/roberts/project/pi_co54/jas485/ppi_processed_graphs/1atn.hdf5,0,0,0,0,
1avx,/nfs/roberts/project/pi_co54/jas485/ppi_processed_graphs/1avx.hdf5,1233,1233,0,0,
1ay7,/nfs/roberts/project/pi_co54/jas485/ppi_processed_graphs/1ay7.hdf5,1318,1318,0,0,
1bkd,/nfs/roberts/project/pi_co54/jas485/ppi_processed_graphs/1bkd.hdf5,0,0,0,0,
1buh,/nfs/roberts/project/pi_co54/jas485/ppi_processed_graphs/1buh.hdf5,1303,1303,0,0,
1bvn,/nfs/roberts/project/pi_co54/jas485/ppi_processed_graphs/1bvn.hdf5,1315,1315,0,0,
1c3a,/nfs/roberts/project/pi_co54/jas485/ppi_processed_graphs/1c3a.hdf5,0,0,0,0,
1cgi,/nfs/roberts/project/pi_co54/jas485/ppi_processed_graphs/1cgi.hdf5,1362,1362,0,0,
1clv,/nfs/roberts/project/pi_co54/jas485/ppi_processed_graphs/1clv.hdf5,1334,1334,0,0,
1d6r,/nfs/roberts/project/pi_co54/jas485/ppi_processed_graphs/1d6r.hdf5,797,797,0,0,
1dfj,/nfs/roberts/project/pi_co54/jas485/ppi_processed_graphs/1dfj.hdf5,1164,1164,0,0,
1e96,/nfs/roberts/project/pi_co54/jas485/ppi_processed_graphs/1e96.hdf5,692,692,0,0,
1euv,/nfs/roberts/project/pi_co54/jas485/ppi_processed_graphs/1euv.hdf5,1328,1328,0,0,
1f34,/nfs/roberts/project/pi_co54/jas485/ppi_processed_graphs/1f34.hdf5,1241,1241,0,0,
1f60,/nfs/roberts/project/pi_co54/jas485/ppi_processed_graphs/1f60.hdf5,1259,1259,0,0,
1fc2,/nfs/roberts/project/pi_co54/jas485/ppi_processed_graphs/1fc2.hdf5,1168,1168,0,0,
1fle,/nfs/roberts/project/pi_co54/jas485/ppi_processed_graphs/1fle.hdf5,1488,1488,0,0,
1fq1,/nfs/roberts/project/pi_co54/jas485/ppi_processed_graphs/1fq1.hdf5,1069,1069,0,0,
1ggp,/nfs/roberts/project/pi_co54/jas485/ppi_processed_graphs/1ggp.hdf5,0,0,0,0,
1gla,/nfs/roberts/project/pi_co54/jas485/ppi_processed_graphs/1gla.hdf5,1117,1117,0,0,
1h1v,/nfs/roberts/project/pi_co54/jas485/ppi_processed_graphs/1h1v.hdf5,810,810,0,0,
1he8,/nfs/roberts/project/pi_co54/jas485/ppi_processed_graphs/1he8.hdf5,1040,1040,0,0,
1ira,/nfs/roberts/project/pi_co54/jas485/ppi_processed_graphs/1ira.hdf5,1172,1172,0,0,
1itb,/nfs/roberts/project/pi_co54/jas485/ppi_processed_graphs/1itb.hdf5,0,0,0,0,
1j2j,/nfs/roberts/project/pi_co54/jas485/ppi_processed_graphs/1j2j.hdf5,1264,1264,0,0,
1j7d,/nfs/roberts/project/pi_co54/jas485/ppi_processed_graphs/1j7d.hdf5,1333,1333,0,0,
1kac,/nfs/roberts/project/pi_co54/jas485/ppi_processed_graphs/1kac.hdf5,1449,1449,0,0,
1kfu,/nfs/roberts/project/pi_co54/jas485/ppi_processed_graphs/1kfu.hdf5,0,0,0,0,
1ktz,/nfs/roberts/project/pi_co54/jas485/ppi_processed_graphs/1ktz.hdf5,1200,1200,0,0,
1kxp,/nfs/roberts/project/pi_co54/jas485/ppi_processed_graphs/1kxp.hdf5,1104,1104,0,0,
1m10,/nfs/roberts/project/pi_co54/jas485/ppi_processed_graphs/1m10.hdf5,1164,1164,0,0,
1mah,/nfs/roberts/project/pi_co54/jas485/ppi_processed_graphs/1mah.hdf5,1430,1430,0,0,
1mbv,/nfs/roberts/project/pi_co54/jas485/ppi_processed_graphs/1mbv.hdf5,874,874,0,0,
1n1j,/nfs/roberts/project/pi_co54/jas485/ppi_processed_graphs/1n1j.hdf5,1364,1364,0,0,
1nw9,/nfs/roberts/project/pi_co54/jas485/ppi_processed_graphs/1nw9.hdf5,1354,1354,0,0,
1oc0,/nfs/roberts/project/pi_co54/jas485/ppi_processed_graphs/1oc0.hdf5,1273,1273,0,0,
1oph,/nfs/roberts/project/pi_co54/jas485/ppi_processed_graphs/1oph.hdf5,1107,1107,0,0,
1pdk,/nfs/roberts/project/pi_co54/jas485/ppi_processed_graphs/1pdk.hdf5,0,0,0,0,
1ppe,/nfs/roberts/project/pi_co54/jas485/ppi_processed_graphs/1ppe.hdf5,1474,1474,0,0,
1qav,/nfs/roberts/project/pi_co54/jas485/ppi_processed_graphs/1qav.hdf5,1367,1367,0,0,
1r0r,/nfs/roberts/project/pi_co54/jas485/ppi_processed_graphs/1r0r.hdf5,1405,1405,0,0,
1r8o,/nfs/roberts/project/pi_co54/jas485/ppi_processed_graphs/1r8o.hdf5,1307,1307,0,0,
1r8s,/nfs/roberts/project/pi_co54/jas485/ppi_processed_graphs/1r8s.hdf5,1328,1328,0,0,
1ry7,/nfs/roberts/project/pi_co54/jas485/ppi_processed_graphs/1ry7.hdf5,1254,1254,0,0,
1spp,/nfs/roberts/project/pi_co54/jas485/ppi_processed_graphs/1spp.hdf5,0,0,0,0,
1t6b,/nfs/roberts/project/pi_co54/jas485/ppi_processed_graphs/1t6b.hdf5,1218,1218,0,0,
1tfo,/nfs/roberts/project/pi_co54/jas485/ppi_processed_graphs/1tfo.hdf5,0,0,0,0,
1tmq,/nfs/roberts/project/pi_co54/jas485/ppi_processed_graphs/1tmq.hdf5,1408,1408,0,0,
1udi,/nfs/roberts/project/pi_co54/jas485/ppi_processed_graphs/1udi.hdf5,1385,1385,0,0,
1ugh,/nfs/roberts/project/pi_co54/jas485/ppi_processed_graphs/1ugh.hdf5,1344,1344,0,0,
1ugq,/nfs/roberts/project/pi_co54/jas485/ppi_processed_graphs/1ugq.hdf5,1141,1141,0,0,
1us7,/nfs/roberts/project/pi_co54/jas485/ppi_processed_graphs/1us7.hdf5,555,555,0,0,
1vet,/nfs/roberts/project/pi_co54/jas485/ppi_processed_graphs/1vet.hdf5,1215,1215,0,0,
1wmh,/nfs/roberts/project/pi_co54/jas485/ppi_processed_graphs/1wmh.hdf5,1389,1389,0,0,
1wqj,/nfs/roberts/project/pi_co54/jas485/ppi_processed_graphs/1wqj.hdf5,1380,1380,0,0,
1wrd,/nfs/roberts/project/pi_co54/jas485/ppi_processed_graphs/1wrd.hdf5,1357,1357,0,0,
1xg2,/nfs/roberts/project/pi_co54/jas485/ppi_processed_graphs/1xg2.hdf5,1002,1002,0,0,
1y64,/nfs/roberts/project/pi_co54/jas485/ppi_processed_graphs/1y64.hdf5,626,626,0,0,
1z5y,/nfs/roberts/project/pi_co54/jas485/ppi_processed_graphs/1z5y.hdf5,1128,1128,0,0,
1zhh,/nfs/roberts/project/pi_co54/jas485/ppi_processed_graphs/1zhh.hdf5,1107,1107,0,0,
1zhi,/nfs/roberts/project/pi_co54/jas485/ppi_processed_graphs/1zhi.hdf5,1223,1223,0,0,
1zli,/nfs/roberts/project/pi_co54/jas485/ppi_processed_graphs/1zli.hdf5,1322,1322,0,0,
2a5t,/nfs/roberts/project/pi_co54/jas485/ppi_processed_graphs/2a5t.hdf5,771,771,0,0,
2a9k,/nfs/roberts/project/pi_co54/jas485/ppi_processed_graphs/2a9k.hdf5,1254,1254,0,0,
2ayo,/nfs/roberts/project/pi_co54/jas485/ppi_processed_graphs/2ayo.hdf5,869,869,0,0,
2b42,/nfs/roberts/project/pi_co54/jas485/ppi_processed_graphs/2b42.hdf5,1359,1359,0,0,
2bkr,/nfs/roberts/project/pi_co54/jas485/ppi_processed_graphs/2bkr.hdf5,875,875,0,0,
2btf,/nfs/roberts/project/pi_co54/jas485/ppi_processed_graphs/2btf.hdf5,1353,1353,0,0,
2c0l,/nfs/roberts/project/pi_co54/jas485/ppi_processed_graphs/2c0l.hdf5,1336,1336,0,0,
2d5r,/nfs/roberts/project/pi_co54/jas485/ppi_processed_graphs/2d5r.hdf5,0,0,0,0,
2dvw,/nfs/roberts/project/pi_co54/jas485/ppi_processed_graphs/2dvw.hdf5,0,0,0,0,
2fhz,/nfs/roberts/project/pi_co54/jas485/ppi_processed_graphs/2fhz.hdf5,1224,1224,0,0,
2fju,/nfs/roberts/project/pi_co54/jas485/ppi_processed_graphs/2fju.hdf5,904,904,0,0,
2g2u,/nfs/roberts/project/pi_co54/jas485/ppi_processed_graphs/2g2u.hdf5,1247,1247,0,0,
2g77,/nfs/roberts/project/pi_co54/jas485/ppi_processed_graphs/2g77.hdf5,1339,1339,0,0,
2grn,/nfs/roberts/project/pi_co54/jas485/ppi_processed_graphs/2grn.hdf5,1323,1323,0,0,
2h7z,/nfs/roberts/project/pi_co54/jas485/ppi_processed_graphs/2h7z.hdf5,1159,1159,0,0,
2hla,/nfs/roberts/project/pi_co54/jas485/ppi_processed_graphs/2hla.hdf5,0,0,0,0,
2hle,/nfs/roberts/project/pi_co54/jas485/ppi_processed_graphs/2hle.hdf5,1125,1125,0,0,
2hrk,/nfs/roberts/project/pi_co54/jas485/ppi_processed_graphs/2hrk.hdf5,1400,1400,0,0,
2hsm,/nfs/roberts/project/pi_co54/jas485/ppi_processed_graphs/2hsm.hdf5,0,0,0,0,
2hth,/nfs/roberts/project/pi_co54/jas485/ppi_processed_graphs/2hth.hdf5,0,0,0,0,
2nz8,/nfs/roberts/project/pi_co54/jas485/ppi_processed_graphs/2nz8.hdf5,1322,1322,0,0,
2o3b,/nfs/roberts/project/pi_co54/jas485/ppi_processed_graphs/2o3b.hdf5,1330,1330,0,0,
2o8v,/nfs/roberts/project/pi_co54/jas485/ppi_processed_graphs/2o8v.hdf5,1283,1283,0,0,
2oob,/nfs/roberts/project/pi_co54/jas485/ppi_processed_graphs/2oob.hdf5,565,565,0,0,
2ot3,/nfs/roberts/project/pi_co54/jas485/ppi_processed_graphs/2ot3.hdf5,1301,1301,0,0,
2oul,/nfs/roberts/project/pi_co54/jas485/ppi_processed_graphs/2oul.hdf5,0,0,0,0,
2oza,/nfs/roberts/project/pi_co54/jas485/ppi_processed_graphs/2oza.hdf5,944,944,0,0,
2pe6,/nfs/roberts/project/pi_co54/jas485/ppi_processed_graphs/2pe6.hdf5,0,0,0,0,
2sic,/nfs/roberts/project/pi_co54/jas485/ppi_processed_graphs/2sic.hdf5,1263,1263,0,0,
2sni,/nfs/roberts/project/pi_co54/jas485/ppi_processed_graphs/2sni.hdf5,1154,1154,0,0,
2uuy,/nfs/roberts/project/pi_co54/jas485/ppi_processed_graphs/2uuy.hdf5,1339,1339,0,0,
2vdb,/nfs/roberts/project/pi_co54/jas485/ppi_processed_graphs/2vdb.hdf5,613,613,0,0,
2wmp,/nfs/roberts/project/pi_co54/jas485/ppi_processed_graphs/2wmp.hdf5,0,0,0,0,
2z0e,/nfs/roberts/project/pi_co54/jas485/ppi_processed_graphs/2z0e.hdf5,901,901,0,0,
3dgp,/nfs/roberts/project/pi_co54/jas485/ppi_processed_graphs/3dgp.hdf5,1448,1448,0,0,
3fpn,/nfs/roberts/project/pi_co54/jas485/ppi_processed_graphs/3fpn.hdf5,1339,1339,0,0,
3gfk,/nfs/roberts/project/pi_co54/jas485/ppi_processed_graphs/3gfk.hdf5,0,0,0,0,
3hw2,/nfs/roberts/project/pi_co54/jas485/ppi_processed_graphs/3hw2.hdf5,932,932,0,0,
3k9p,/nfs/roberts/project/pi_co54/jas485/ppi_processed_graphs/3k9p.hdf5,0,0,0,0,
3ona,/nfs/roberts/project/pi_co54/jas485/ppi_processed_graphs/3ona.hdf5,0,0,0,0,
3qc8,/nfs/roberts/project/pi_co54/jas485/ppi_processed_graphs/3qc8.hdf5,0,0,0,0,
3qhy,/nfs/roberts/project/pi_co54/jas485/ppi_processed_graphs/3qhy.hdf5,1214,1214,0,0,
3rcz,/nfs/roberts/project/pi_co54/jas485/ppi_processed_graphs/3rcz.hdf5,1356,1356,0,0,
3sgb,/nfs/roberts/project/pi_co54/jas485/ppi_processed_graphs/3sgb.hdf5,1304,1304,0,0,
3sgq,/nfs/roberts/project/pi_co54/jas485/ppi_processed_graphs/3sgq.hdf5,1328,1328,0,0,
3u82,/nfs/roberts/project/pi_co54/jas485/ppi_processed_graphs/3u82.hdf5,1127,1127,0,0,
3vz9,/nfs/roberts/project/pi_co54/jas485/ppi_processed_graphs/3vz9.hdf5,1414,1414,0,0,
3wdg,/nfs/roberts/project/pi_co54/jas485/ppi_processed_graphs/3wdg.hdf5,1345,1345,0,0,
3whq,/nfs/roberts/project/pi_co54/jas485/ppi_processed_graphs/3whq.hdf5,704,704,0,0,
3ygs,/nfs/roberts/project/pi_co54/jas485/ppi_processed_graphs/3ygs.hdf5,681,681,0,0,
4bi8,/nfs/roberts/project/pi_co54/jas485/ppi_processed_graphs/4bi8.hdf5,1274,1274,0,0,
4ct6,/nfs/roberts/project/pi_co54/jas485/ppi_processed_graphs/4ct6.hdf5,1223,1223,0,0,
4dbg,/nfs/roberts/project/pi_co54/jas485/ppi_processed_graphs/4dbg.hdf5,1327,1327,0,0,
4dhi,/nfs/roberts/project/pi_co54/jas485/ppi_processed_graphs/4dhi.hdf5,1313,1313,0,0,
4g6t,/nfs/roberts/project/pi_co54/jas485/ppi_processed_graphs/4g6t.hdf5,1275,1275,0,0,
4gi3,/nfs/roberts/project/pi_co54/jas485/ppi_processed_graphs/4gi3.hdf5,1372,1372,0,0,
4h5s,/nfs/roberts/project/pi_co54/jas485/ppi_processed_graphs/4h5s.hdf5,1347,1347,0,0,
4hwi,/nfs/roberts/project/pi_co54/jas485/ppi_processed_graphs/4hwi.hdf5,1329,1329,0,0,
4je3,/nfs/roberts/project/pi_co54/jas485/ppi_processed_graphs/4je3.hdf5,1021,1021,0,0,
4k12,/nfs/roberts/project/pi_co54/jas485/ppi_processed_graphs/4k12.hdf5,1353,1353,0,0,
4qjf,/nfs/roberts/project/pi_co54/jas485/ppi_processed_graphs/4qjf.hdf5,1109,1109,0,0,
4qlp,/nfs/roberts/project/pi_co54/jas485/ppi_processed_graphs/4qlp.hdf5,1260,1260,0,0,
4u1c,/nfs/roberts/project/pi_co54/jas485/ppi_processed_graphs/4u1c.hdf5,932,932,0,0,
4uzz,/nfs/roberts/project/pi_co54/jas485/ppi_processed_graphs/4uzz.hdf5,1341,1341,0,0,
4yii,/nfs/roberts/project/pi_co54/jas485/ppi_processed_graphs/4yii.hdf5,1329,1329,0,0,
5by8,/nfs/roberts/project/pi_co54/jas485/ppi_processed_graphs/5by8.hdf5,1262,1262,0,0,
5dmb,/nfs/roberts/project/pi_co54/jas485/ppi_processed_graphs/5dmb.hdf5,1348,1348,0,0,
5k7m,/nfs/roberts/project/pi_co54/jas485/ppi_processed_graphs/5k7m.hdf5,1221,1221,0,0,
5maw,/nfs/roberts/project/pi_co54/jas485/ppi_processed_graphs/5maw.hdf5,1297,1297,0,0,
5mu7,/nfs/roberts/project/pi_co54/jas485/ppi_processed_graphs/5mu7.hdf5,1145,1145,0,0,
5uq2,/nfs/roberts/project/pi_co54/jas485/ppi_processed_graphs/5uq2.hdf5,1215,1215,0,0,
5zrz,/nfs/roberts/project/pi_co54/jas485/ppi_processed_graphs/5zrz.hdf5,1331,1331,0,0,
6fud,/nfs/roberts/project/pi_co54/jas485/ppi_processed_graphs/6fud.hdf5,1321,1321,0,0,
6kp3,/nfs/roberts/project/pi_co54/jas485/ppi_processed_graphs/6kp3.hdf5,1232,1232,0,0,
6wg4,/nfs/roberts/project/pi_co54/jas485/ppi_processed_graphs/6wg4.hdf5,1272,1272,0,0,
6xod,/nfs/roberts/project/pi_co54/jas485/ppi_processed_graphs/6xod.hdf5,1348,1348,0,0,
6yxj,/nfs/roberts/project/pi_co54/jas485/ppi_processed_graphs/6yxj.hdf5,1301,1301,0,0,
6zbk,/nfs/roberts/project/pi_co54/jas485/ppi_processed_graphs/6zbk.hdf5,1373,1373,0,0,
7bxh,/nfs/roberts/project/pi_co54/jas485/ppi_processed_graphs/7bxh.hdf5,1177,1177,0,0,
7cei,/nfs/roberts/project/pi_co54/jas485/ppi_processed_graphs/7cei.hdf5,1299,1299,0,0,
7joe,/nfs/roberts/project/pi_co54/jas485/ppi_processed_graphs/7joe.hdf5,1287,1287,0,0,
7jxv,/nfs/roberts/project/pi_co54/jas485/ppi_processed_graphs/7jxv.hdf5,1344,1344,0,0,
8enf,/nfs/roberts/project/pi_co54/jas485/ppi_processed_graphs/8enf.hdf5,1205,1205,0,0,
